7/1/14,657.86
7/2/14,656.68
7/3/14,650.77
7/4/14,648.43
7/5/14,633.22
7/6/14,638.65
7/7/14,637.16
7/8/14,626.7
7/9/14,627
7/10/14,626.12
7/11/14,632.09
7/12/14,636.66
7/13/14,634.73
7/14/14,627.34
7/15/14,625.14
7/16/14,623.09
7/17/14,626.29
7/18/14,629.21
7/19/14,629.17
7/20/14,628.56
7/21/14,624.09
7/22/14,624.3
7/23/14,624.43
7/24/14,620.43
7/25/14,607.07
7/26/14,602.09
7/27/14,598.94
7/28/14,594.57
7/29/14,588.39
7/30/14,585.12
7/31/14,586.23
8/1/14,597.92
8/2/14,594.91
8/3/14,589.15
8/4/14,591.95
8/5/14,589.86
8/6/14,587.49
8/7/14,591.1
8/8/14,598.12
8/9/14,592.47
8/10/14,594.46
8/11/14,591.51
8/12/14,576.95
8/13/14,573.03
8/14/14,546.24
8/15/14,518.18
8/16/14,521.47
8/17/14,520.19
8/18/14,499.37
8/19/14,485.71
8/20/14,518.28
8/21/14,531.9
8/22/14,521.48
8/23/14,514.3
8/24/14,512.89
8/25/14,508.22
8/26/14,512.69
8/27/14,520.71
8/28/14,516.16
8/29/14,511.7
8/30/14,509.31
8/31/14,504.88
9/1/14,485.31
9/2/14,482.99
9/3/14,481.71
9/4/14,493.93
9/5/14,490.64
9/6/14,488.6
9/7/14,488.07
9/8/14,489.83
9/9/14,477.38
9/10/14,487.47
9/11/14,482.35
9/12/14,479.63
9/13/14,482.12
9/14/14,479.85
9/15/14,478.62
9/16/14,475.64
9/17/14,468.17
9/18/14,456.86
9/19/14,427.83
9/20/14,423.3
9/21/14,412.43
9/22/14,406.92
9/23/14,441.56
9/24/14,436.11
9/25/14,423.52
9/26/14,414.94
9/27/14,406.62
9/28/14,401.02
9/29/14,385.21
9/30/14,390.98
10/1/14,391.38
10/2/14,385.5
10/3/14,377.7
10/4/14,364.49
10/5/14,341.8
10/6/14,345.13
10/7/14,339.25
10/8/14,354.36
10/9/14,382.73
10/10/14,375.07
10/11/14,367.19
10/12/14,379.43
10/13/14,397.23
10/14/14,411.7
10/15/14,402.23
10/16/14,398.81
10/17/14,385.48
10/18/14,395.16
10/19/14,393.94
10/20/14,390.08
10/21/14,392.65
10/22/14,388.58
10/23/14,385.05
10/24/14,364.35
10/25/14,359.86
10/26/14,359.22
10/27/14,358.63
10/28/14,359.98
10/29/14,357.83
10/30/14,350.91
10/31/14,348.05
11/1/14,340.53
11/2/14,329.05
11/3/14,334
11/4/14,331.77
11/5/14,343.37
11/6/14,352.97
11/7/14,352.73
11/8/14,347.03
11/9/14,363.63
11/10/14,374.82
11/11/14,371.31
11/12/14,429.72
11/13/14,457.09
11/14/14,419.25
11/15/14,405.53
11/16/14,390.8
11/17/14,410.2
11/18/14,392.4
11/19/14,386.48
11/20/14,382.02
11/21/14,357.88
11/22/14,364.84
11/23/14,370.85
11/24/14,387.21
11/25/14,394.7
11/26/14,377.7
11/27/14,373.99
11/28/14,382.84
11/29/14,387.6
11/30/14,382.53
12/1/14,383.66
12/2/14,384.04
12/3/14,383.03
12/4/14,378.65
12/5/14,379.19
12/6/14,378.45
12/7/14,376.29
12/8/14,376.03
12/9/14,363.07
12/10/14,352.38
12/11/14,361.36
12/12/14,352.98
12/13/14,352.38
12/14/14,353.32
12/15/14,351.82
12/16/14,345.86
12/17/14,333.95
12/18/14,323.71
12/19/14,318.53
12/20/14,330.33
12/21/14,329.63
12/22/14,334.12
12/23/14,336.29
12/24/14,334.74
12/25/14,322.67
12/26/14,331.42
12/27/14,328.91
12/28/14,320.03
12/29/14,320.27
12/30/14,314.81
12/31/14,320.19
1/1/15,320.43
1/2/15,315.84
1/3/15,315.15
1/4/15,287.23
1/5/15,278.34
1/6/15,287.55
1/7/15,298.75
1/8/15,294.14
1/9/15,291.11
1/10/15,288.13
1/11/15,279.64
1/12/15,272.2
1/13/15,268.28
1/14/15,223.89
1/15/15,229.07
1/16/15,221.59
1/17/15,211.73
1/18/15,218.7
1/19/15,216.73
1/20/15,215.24
1/21/15,227.79
1/22/15,237.02
1/23/15,234.85
1/24/15,248.21
1/25/15,255.07
1/26/15,309.38
1/27/15,275.48
1/28/15,266.54
1/29/15,238.71
1/30/15,242.85
1/31/15,233.5
2/1/15,231.57
2/2/15,242.18
2/3/15,245.96
2/4/15,230.06
2/5/15,239.4
2/6/15,230.51
2/7/15,230.3
2/8/15,229.44
2/9/15,223.98
2/10/15,221.81
2/11/15,223.41
2/12/15,222.2
2/13/15,240.26
2/14/15,259.81
2/15/15,265.61
2/16/15,239.52
2/17/15,245.77
2/18/15,244.25
2/19/15,242.67
2/20/15,247.1
2/21/15,255.32
2/22/15,246.39
2/23/15,240.11
2/24/15,239.9
2/25/15,239.34
2/26/15,237.71
2/27/15,256.65
2/28/15,254.69
3/1/15,261.66
3/2/15,276.3
3/3/15,285.8
3/4/15,284.23
3/5/15,281.67
3/6/15,277.61
3/7/15,277.85
3/8/15,277.86
3/9/15,292.7
3/10/15,300.04
3/11/15,297.39
3/12/15,297.09
3/13/15,294.5
3/14/15,286.34
3/15/15,286.53
3/16/15,294.11
3/17/15,292.36
3/18/15,285.34
3/19/15,264.24
3/20/15,264.85
3/21/15,262.2
3/22/15,269.75
3/23/15,277.3
3/24/15,267
3/25/15,249.19
3/26/15,254.35
3/27/15,256.81
3/28/15,254.21
3/29/15,253.14
3/30/15,249.24
3/31/15,248.73
4/1/15,247.54
4/2/15,254.46
4/3/15,256.04
4/4/15,255.26
4/5/15,260.67
4/6/15,261.8
4/7/15,255.8
4/8/15,253.85
4/9/15,246.12
4/10/15,243.69
4/11/15,239.54
4/12/15,237.73
4/13/15,236.93
4/14/15,224.98
4/15/15,223.83
4/16/15,229.67
4/17/15,228.91
4/18/15,224.32
4/19/15,226.35
4/20/15,226.35
4/21/15,235.27
4/22/15,237.91
4/23/15,236.48
4/24/15,236.3
4/25/15,232.56
4/26/15,226.94
4/27/15,233.3
4/28/15,229.49
4/29/15,227.04
4/30/15,239.56
5/1/15,238.97
5/2/15,235.73
5/3/15,243.24
5/4/15,242.64
5/5/15,239.2
5/6/15,236.45
5/7/15,239.1
5/8/15,246.27
5/9/15,247.8
5/10/15,244.07
5/11/15,244.27
5/12/15,242.88
5/13/15,243.7
5/14/15,237.8
5/15/15,238.75
5/16/15,237.7
5/17/15,238.02
5/18/15,237.21
5/19/15,234.15
5/20/15,234.68
5/21/15,236.24
5/22/15,240.97
5/23/15,241.02
5/24/15,241.98
5/25/15,241.02
5/26/15,238.24
5/27/15,238.64
5/28/15,237.82
5/29/15,237.52
5/30/15,237.09
5/31/15,233.25
6/1/15,231.71
6/2/15,226.42
6/3/15,227.4
6/4/15,226.58
6/5/15,225.97
6/6/15,225.72
6/7/15,226.19
6/8/15,229.46
6/9/15,230.95
6/10/15,229.78
6/11/15,230.29
6/12/15,231.06
6/13/15,232.65
6/14/15,234.86
6/15/15,237.84
6/16/15,251.74
6/17/15,256.85
6/18/15,252.11
6/19/15,250.98
6/20/15,245.83
6/21/15,245.22
6/22/15,247.92
6/23/15,247.3
6/24/15,244.34
6/25/15,243.33
6/26/15,243.75
6/27/15,251.34
6/28/15,251.17
6/29/15,257.17
6/30/15,267.87
7/1/15,265.17
7/2/15,261.63
7/3/15,257.08
7/4/15,261.46
7/5/15,274.51
7/6/15,277.42
7/7/15,271.34
7/8/15,272.97
7/9/15,272.33
7/10/15,294.59
7/11/15,298.51
7/12/15,314.39
7/13/15,310.95
7/14/15,296.15
7/15/15,293.25
7/16/15,291.18
7/17/15,280.28
7/18/15,282.53
7/19/15,275.67
7/20/15,278.98
7/21/15,280.55
7/22/15,277.67
7/23/15,278.11
7/24/15,289.25
7/25/15,290.73
7/26/15,293.05
7/27/15,297.77
7/28/15,296.65
7/29/15,294.54
7/30/15,290.13
7/31/15,288.96
8/1/15,284.93
8/2/15,283.03
8/3/15,285.47
8/4/15,285.71
8/5/15,285.5
8/6/15,281.91
8/7/15,280.39
8/8/15,279.93
8/9/15,267
8/10/15,267.03
8/11/15,270.39
8/12/15,270.67
8/13/15,266.23
8/14/15,267.47
8/15/15,266.67
8/16/15,262.44
8/17/15,260.51
8/18/15,257.99
8/19/15,237.41
8/20/15,237.37
8/21/15,236.43
8/22/15,234.96
8/23/15,232.71
8/24/15,228.14
8/25/15,226.32
8/26/15,231.18
8/27/15,228.64
8/28/15,235.22
8/29/15,233.22
8/30/15,232.07
8/31/15,231.96
9/1/15,231.22
9/2/15,230.58
9/3/15,229.6
9/4/15,230.9
9/5/15,236.14
9/6/15,242.91
9/7/15,242.11
9/8/15,245.78
9/9/15,244.42
9/10/15,241.29
9/11/15,241.17
9/12/15,240.12
9/13/15,235.93
9/14/15,232.44
9/15/15,259.18
9/16/15,231.21
9/17/15,230.29
9/18/15,234.35
9/19/15,233.21
9/20/15,232.37
9/21/15,231.22
9/22/15,232.39
9/23/15,231.84
9/24/15,235.65
9/25/15,237.43
9/26/15,235.4
9/27/15,234.53
9/28/15,239.34
9/29/15,239.8
9/30/15,237.73
10/1/15,238.45
10/2/15,238.54
10/3/15,239.32
10/4/15,238.97
10/5/15,240.38
10/6/15,246.93
10/7/15,246.68
10/8/15,244.25
10/9/15,244.23
10/10/15,245.32
10/11/15,247.24
10/12/15,247.45
10/13/15,250.24
10/14/15,254.27
10/15/15,255.96
10/16/15,266.14
10/17/15,273.58
10/18/15,271.67
10/19/15,264.82
10/20/15,270.83
10/21/15,270.77
10/22/15,276.51
10/23/15,278.68
10/24/15,281.71
10/25/15,294.06
10/26/15,285.3
10/27/15,296.21
10/28/15,306.33
10/29/15,318.17
10/30/15,334.17
10/31/15,332.78
11/1/15,327.47
11/2/15,365.36
11/3/15,417.9
11/4/15,495.56
11/5/15,447.56
11/6/15,395.84
11/7/15,390.59
11/8/15,389.89
11/9/15,385.28
11/10/15,381.39
11/11/15,340.58
11/12/15,345.08
11/13/15,340.91
11/14/15,338.18
11/15/15,334.66
11/16/15,331.63
11/17/15,338.35
11/18/15,336.53
11/19/15,335.33
11/20/15,326.47
11/21/15,328.16
11/22/15,327.01
11/23/15,325.12
11/24/15,323.06
11/25/15,329.13
11/26/15,366.76
11/27/15,363.59
11/28/15,359.54
11/29/15,371.94
11/30/15,382.36
12/1/15,378.93
12/2/15,362.23
12/3/15,370.27
12/4/15,363.52
12/5/15,389.79
12/6/15,402.81
12/7/15,399.97
12/8/15,415.56
12/9/15,423.12
12/10/15,419.51
12/11/15,451.94
12/12/15,469.1
12/13/15,441.68
12/14/15,447.14
12/15/15,465.32
12/16/15,465.21
12/17/15,457.86
12/18/15,465.18
12/19/15,465.58
12/20/15,462.64
12/21/15,444.73
12/22/15,443.69
12/23/15,444.53
12/24/15,458.46
12/25/15,458.3
12/26/15,457.49
12/27/15,424.01
12/28/15,429.77
12/29/15,432.98
12/30/15,434.39
12/31/15,432.92
1/1/16,436.25
1/2/16,436.06
1/3/16,433.74
1/4/16,434.52
1/5/16,434.18
1/6/16,431.86
1/7/16,458.77
1/8/16,462.93
1/9/16,454.64
1/10/16,448.31
1/11/16,450.66
1/12/16,448.18
1/13/16,435.19
1/14/16,433.32
1/15/16,430.26
1/16/16,390.56
1/17/16,390.96
1/18/16,388.1
1/19/16,387.73
1/20/16,425.27
1/21/16,422.88
1/22/16,410.41
1/23/16,394.54
1/24/16,405.48
1/25/16,402.32
1/26/16,397.77
1/27/16,396.84
1/28/16,395.5
1/29/16,384.38
1/30/16,380.92
1/31/16,380.35
2/1/16,378.07
2/2/16,375.88
2/3/16,374.95
2/4/16,391.61
2/5/16,391.09
2/6/16,386.63
2/7/16,380.87
2/8/16,379.88
2/9/16,377.25
2/10/16,385.48
2/11/16,383.13
2/12/16,384.95
2/13/16,391.86
2/14/16,407.23
2/15/16,410.38
2/16/16,408.95
2/17/16,421.17
2/18/16,426
2/19/16,423.1
2/20/16,441.98
2/21/16,448.05
2/22/16,439.05
2/23/16,439.86
2/24/16,425.55
2/25/16,427.72
2/26/16,432.15
2/27/16,434.23
2/28/16,435.68
2/29/16,441.51
3/1/16,439.65
3/2/16,435.92
3/3/16,425.37
3/4/16,425.18
3/5/16,411.26
3/6/16,411.91
3/7/16,415.92
3/8/16,416.24
3/9/16,416.03
3/10/16,417.51
3/11/16,423.93
3/12/16,421.8
3/13/16,416.6
3/14/16,416.68
3/15/16,418.13
3/16/16,417.69
3/17/16,421
3/18/16,420.55
3/19/16,410.98
3/20/16,414.63
3/21/16,413.42
3/22/16,418.38
3/23/16,419.27
3/24/16,418.68
3/25/16,418.08
3/26/16,418.99
3/27/16,428.8
3/28/16,426.86
3/29/16,426.2
3/30/16,416.83
3/31/16,418.37
4/1/16,418.17
4/2/16,422.08
4/3/16,421.58
4/4/16,422.34
4/5/16,424.26
4/6/16,424.53
4/7/16,423.66
4/8/16,425.36
4/9/16,420.89
4/10/16,422.43
4/11/16,422.74
4/12/16,427.28
4/13/16,426.66
4/14/16,425.37
4/15/16,429.93
4/16/16,432.63
4/17/16,431.37
4/18/16,429.27
4/19/16,436.02
4/20/16,443.05
4/21/16,450.55
4/22/16,449.81
4/23/16,450.28
4/24/16,460.15
4/25/16,466.62
4/26/16,467.96
4/27/16,467.08
4/28/16,449.55
4/29/16,455.38
4/30/16,455.59
5/1/16,452.48
5/2/16,452.45
5/3/16,451.1
5/4/16,450.38
5/5/16,448.51
5/6/16,461.38
5/7/16,460.67
5/8/16,459.42
5/9/16,462.48
5/10/16,461.93
5/11/16,454.58
5/12/16,454.95
5/13/16,457.05
5/14/16,456.84
5/15/16,458.69
5/16/16,458.2
5/17/16,455.07
5/18/16,456
5/19/16,454.63
5/20/16,444.05
5/21/16,443.78
5/22/16,443.43
5/23/16,444.35
5/24/16,447.1
5/25/16,450.3
5/26/16,453.64
5/27/16,478.15
5/28/16,533.47
5/29/16,553.96
5/30/16,544.35
5/31/16,546.62
6/1/16,543.08
6/2/16,540.35
6/3/16,574.64
6/4/16,590.13
6/5/16,582.81
6/6/16,586.47
6/7/16,590.26
6/8/16,582.84
6/9/16,582.2
6/10/16,579.13
6/11/16,607.12
6/12/16,684.84
6/13/16,716
6/14/16,704.5
6/15/16,696.3
6/16/16,773.72
6/17/16,775.36
6/18/16,777.99
6/19/16,766.62
6/20/16,764.08
6/21/16,735.88
6/22/16,678.67
6/23/16,629.33
6/24/16,681.73
6/25/16,691.73
6/26/16,665.98
6/27/16,655.28
6/28/16,659.25
6/29/16,644.68
6/30/16,675.4
7/1/16,686.15
7/2/16,703.7
7/3/16,704.97
7/4/16,683.66
7/5/16,683.49
7/6/16,681.9
7/7/16,682.43
7/8/16,666.71
7/9/16,666.38
7/10/16,652.29
7/11/16,659.63
7/12/16,675.26
7/13/16,668.7
7/14/16,662.9
7/15/16,667.08
7/16/16,666.46
7/17/16,682.36
7/18/16,681.55
7/19/16,673.28
7/20/16,672.93
7/21/16,666.22
7/22/16,666.58
7/23/16,656.37
7/24/16,663.11
7/25/16,661.83
7/26/16,656.22
7/27/16,657.46
7/28/16,657.59
7/29/16,657.8
7/30/16,658.22
7/31/16,655.28
8/1/16,626.12
8/2/16,612.85
8/3/16,573.36
8/4/16,579.5
8/5/16,578.28
8/6/16,588.4
8/7/16,597.51
8/8/16,592.99
8/9/16,591.09
8/10/16,599.98
8/11/16,597.54
8/12/16,589.91
8/13/16,589.77
8/14/16,585.67
8/15/16,573.58
8/16/16,581.74
8/17/16,580.89
8/18/16,577.79
8/19/16,578.24
8/20/16,582.82
8/21/16,584.16
8/22/16,588.45
8/23/16,589.47
8/24/16,583.59
8/25/16,580.45
8/26/16,580.62
8/27/16,579.84
8/28/16,574.04
8/29/16,576.28
8/30/16,578.36
8/31/16,577.86
9/1/16,576.31
9/2/16,575.64
9/3/16,599.5
9/4/16,611.84
9/5/16,609.05
9/6/16,610.83
9/7/16,614.54
9/8/16,628.77
9/9/16,626.83
9/10/16,625.09
9/11/16,628.82
9/12/16,608.46
9/13/16,611.19
9/14/16,611.95
9/15/16,611.09
9/16/16,609.26
9/17/16,607.86
9/18/16,610.16
9/19/16,610.93
9/20/16,609.53
9/21/16,603.59
9/22/16,598.49
9/23/16,603.21
9/24/16,604.58
9/25/16,603.38
9/26/16,608.14
9/27/16,608.25
9/28/16,606.59
9/29/16,606.82
9/30/16,609.73
10/1/16,615.24
10/2/16,614.01
10/3/16,612.57
10/4/16,612.05
10/5/16,613.81
10/6/16,613.82
10/7/16,617.91
10/8/16,619.85
10/9/16,619.2
10/10/16,621.32
10/11/16,642.08
10/12/16,641.34
10/13/16,638.83
10/14/16,641.28
10/15/16,642.1
10/16/16,642.9
10/17/16,642.33
10/18/16,640.74
10/19/16,638.87
10/20/16,631.92
10/21/16,634.09
10/22/16,658.2
10/23/16,661.13
10/24/16,657.25
10/25/16,664.42
10/26/16,679.73
10/27/16,688.59
10/28/16,690.44
10/29/16,720.4
10/30/16,714.12
10/31/16,709.29
11/1/16,736.45
11/2/16,740.83
11/3/16,745.77
11/4/16,706.93
11/5/16,707.51
11/6/16,714.26
11/7/16,710.74
11/8/16,712.99
11/9/16,740.05
11/10/16,723.02
11/11/16,718.32
11/12/16,717.15
11/13/16,705.26
11/14/16,706.28
11/15/16,715.72
11/16/16,747.61
11/17/16,755.65
11/18/16,752.88
11/19/16,756.24
11/20/16,755.48
11/21/16,741.72
11/22/16,753.87
11/23/16,752.25
11/24/16,746.83
11/25/16,741.65
11/26/16,742.21
11/27/16,739.02
11/28/16,738.01
11/29/16,737.47
11/30/16,747.93
12/1/16,758.28
12/2/16,781.3
12/3/16,778.25
12/4/16,773.87
12/5/16,773.47
12/6/16,765.62
12/7/16,771.54
12/8/16,774.7
12/9/16,774.53
12/10/16,777.09
12/11/16,774.8
12/12/16,781.92
12/13/16,788.46
12/14/16,782.03
12/15/16,781.43
12/16/16,785.03
12/17/16,792.51
12/18/16,794.74
12/19/16,793.61
12/20/16,801.34
12/21/16,834.28
12/22/16,875.78
12/23/16,925.12
12/24/16,923.48
12/25/16,899.65
12/26/16,913.18
12/27/16,940.05
12/28/16,975.92
12/29/16,979.4
12/30/16,972.53
12/31/16,963.74
1/1/17,"1,003.08"
1/2/17,"1,031.39"
1/3/17,"1,044.08"
1/4/17,"1,159.42"
1/5/17,"1,191.10"
1/6/17,"1,046.81"
1/7/17,908.59
1/8/17,942.72
1/9/17,913.69
1/10/17,914.87
1/11/17,919.45
1/12/17,826.25
1/13/17,829
1/14/17,835.09
1/15/17,823.31
1/16/17,834.53
1/17/17,910.56
1/18/17,917.5
1/19/17,904.61
1/20/17,899.4
1/21/17,927.37
1/22/17,937.53
1/23/17,928.27
1/24/17,924.15
1/25/17,903.25
1/26/17,919.33
1/27/17,923.22
1/28/17,923.91
1/29/17,923.42
1/30/17,923.05
1/31/17,972.02
2/1/17,989.11
2/2/17,"1,013.52"
2/3/17,"1,033.87"
2/4/17,"1,045.90"
2/5/17,"1,043.63"
2/6/17,"1,044.64"
2/7/17,"1,061.93"
2/8/17,"1,078.97"
2/9/17,"1,088.99"
2/10/17,998.91
2/11/17,"1,009.29"
2/12/17,"1,004.76"
2/13/17,"1,002.10"
2/14/17,"1,011.51"
2/15/17,"1,008.84"
2/16/17,"1,033.37"
2/17/17,"1,053.17"
2/18/17,"1,061.10"
2/19/17,"1,056.81"
2/20/17,"1,080.49"
2/21/17,"1,117.25"
2/22/17,"1,125.39"
2/23/17,"1,176.62"
2/24/17,"1,200.39"
2/25/17,"1,174.85"
2/26/17,"1,167.47"
2/27/17,"1,181.98"
2/28/17,"1,193.25"
3/1/17,"1,222.50"
3/2/17,"1,262.13"
3/3/17,"1,280.31"
3/4/17,"1,279.40"
3/5/17,"1,267.29"
3/6/17,"1,276.00"
3/7/17,"1,275.55"
3/8/17,"1,232.16"
3/9/17,"1,197.46"
3/10/17,"1,270.47"
3/11/17,"1,193.83"
3/12/17,"1,226.98"
3/13/17,"1,237.37"
3/14/17,"1,244.81"
3/15/17,"1,251.61"
3/16/17,"1,257.98"
3/17/17,"1,180.16"
3/18/17,"1,114.07"
3/19/17,"1,069.91"
3/20/17,"1,063.03"
3/21/17,"1,122.43"
3/22/17,"1,120.65"
3/23/17,"1,058.01"
3/24/17,"1,040.47"
3/25/17,975.76
3/26/17,"1,007.96"
3/27/17,"1,046.40"
3/28/17,"1,064.65"
3/29/17,"1,055.13"
3/30/17,"1,049.29"
3/31/17,"1,074.92"
4/1/17,"1,091.72"
4/2/17,"1,107.59"
4/3/17,"1,151.74"
4/4/17,"1,156.44"
4/5/17,"1,135.09"
4/6/17,"1,188.37"
4/7/17,"1,186.58"
4/8/17,"1,184.98"
4/9/17,"1,197.21"
4/10/17,"1,190.34"
4/11/17,"1,208.07"
4/12/17,"1,207.14"
4/13/17,"1,205.89"
4/14/17,"1,190.80"
4/15/17,"1,188.00"
4/16/17,"1,187.22"
4/17/17,"1,194.90"
4/18/17,"1,217.57"
4/19/17,"1,215.51"
4/20/17,"1,240.79"
4/21/17,"1,235.94"
4/22/17,"1,235.56"
4/23/17,"1,232.20"
4/24/17,"1,250.94"
4/25/17,"1,267.58"
4/26/17,"1,294.83"
4/27/17,"1,319.70"
4/28/17,"1,331.28"
4/29/17,"1,327.20"
4/30/17,"1,347.91"
5/1/17,"1,434.32"
5/2/17,"1,473.90"
5/3/17,"1,492.77"
5/4/17,"1,608.91"
5/5/17,"1,618.03"
5/6/17,"1,578.80"
5/7/17,"1,596.72"
5/8/17,"1,723.35"
5/9/17,"1,833.49"
5/10/17,"1,788.44"
5/11/17,"1,873.93"
5/12/17,"1,856.15"
5/13/17,"1,812.99"
5/14/17,"1,831.42"
5/15/17,"1,812.80"
5/16/17,"1,785.94"
5/17/17,"1,864.05"
5/18/17,"1,904.48"
5/19/17,"2,004.52"
5/20/17,"2,084.73"
5/21/17,"2,119.08"
5/22/17,"2,303.90"
5/23/17,"2,320.82"
5/24/17,"2,523.72"
5/25/17,"2,763.71"
5/26/17,"2,573.79"
5/27/17,"2,260.20"
5/28/17,"2,267.34"
5/29/17,"2,307.05"
5/30/17,"2,301.96"
5/31/17,"2,311.08"
6/1/17,"2,448.39"
6/2/17,"2,488.55"
6/3/17,"2,581.91"
6/4/17,"2,585.89"
6/5/17,"2,686.81"
6/6/17,"2,999.91"
6/7/17,"2,869.38"
6/8/17,"2,815.30"
6/9/17,"2,901.71"
6/10/17,"2,950.99"
6/11/17,"2,996.60"
6/12/17,"2,997.26"
6/13/17,"2,789.04"
6/14/17,"2,786.83"
6/15/17,"2,534.71"
6/16/17,"2,539.92"
6/17/17,"2,685.19"
6/18/17,"2,662.10"
6/19/17,"2,662.85"
6/20/17,"2,763.45"
6/21/17,"2,772.01"
6/22/17,"2,723.74"
6/23/17,"2,765.17"
6/24/17,"2,757.94"
6/25/17,"2,682.26"
6/26/17,"2,615.25"
6/27/17,"2,552.45"
6/28/17,"2,603.98"
6/29/17,"2,588.83"
6/30/17,"2,559.25"
7/1/17,"2,515.27"
7/2/17,"2,514.28"
7/3/17,"2,595.00"
7/4/17,"2,631.59"
7/5/17,"2,622.65"
7/6/17,"2,616.72"
7/7/17,"2,916.14"
7/8/17,"2,571.34"
7/9/17,"2,635.49"
7/10/17,"2,537.16"
7/11/17,"2,413.47"
7/12/17,"2,423.71"
7/13/17,"2,425.22"
7/14/17,"2,363.25"
7/15/17,"2,231.14"
7/16/17,"2,058.77"
7/17/17,"2,230.49"
7/18/17,"2,387.61"
7/19/17,"2,397.17"
7/20/17,"2,900.70"
7/21/17,"2,838.41"
7/22/17,"2,862.42"
7/23/17,"2,832.18"
7/24/17,"2,777.26"
7/25/17,"2,768.08"
7/26/17,"2,610.76"
7/27/17,"2,693.32"
7/28/17,"2,897.45"
7/29/17,"2,808.76"
7/30/17,"2,758.53"
7/31/17,"2,889.62"
8/1/17,"2,921.35"
8/2/17,"2,762.53"
8/3/17,"2,813.31"
8/4/17,"2,899.33"
8/5/17,"3,290.01"
8/6/17,"3,293.29"
8/7/17,"3,397.68"
8/8/17,"3,484.85"
8/9/17,"3,422.76"
8/10/17,"3,453.45"
8/11/17,"3,679.72"
8/12/17,"3,949.92"
8/13/17,"4,208.39"
8/14/17,"4,325.13"
8/15/17,"4,455.97"
8/16/17,"4,381.23"
8/17/17,"4,484.70"
8/18/17,"4,370.13"
8/19/17,"4,243.26"
8/20/17,"4,196.29"
8/21/17,"4,109.14"
8/22/17,"4,128.76"
8/23/17,"4,255.78"
8/24/17,"4,376.39"
8/25/17,"4,455.70"
8/26/17,"4,379.28"
8/27/17,"4,416.59"
8/28/17,"4,403.93"
8/29/17,"4,625.68"
8/30/17,"4,626.52"
8/31/17,"4,736.05"
9/1/17,"4,892.01"
9/2/17,"4,975.04"
9/3/17,"4,714.08"
9/4/17,"4,591.63"
9/5/17,"4,427.84"
9/6/17,"4,617.25"
9/7/17,"4,655.04"
9/8/17,"4,661.00"
9/9/17,"4,308.82"
9/10/17,"4,245.44"
9/11/17,"4,261.67"
9/12/17,"4,344.65"
9/13/17,"4,131.98"
9/14/17,"3,920.60"
9/15/17,"3,733.45"
9/16/17,"3,808.84"
9/17/17,"3,664.81"
9/18/17,"4,079.23"
9/19/17,"4,094.07"
9/20/17,"4,031.39"
9/21/17,"3,916.42"
9/22/17,"3,758.27"
9/23/17,"3,819.21"
9/24/17,"3,796.15"
9/25/17,"3,950.25"
9/26/17,"3,969.89"
9/27/17,"4,210.05"
9/28/17,"4,279.31"
9/29/17,"4,214.63"
9/30/17,"4,358.43"
10/1/17,"4,403.74"
10/2/17,"4,470.23"
10/3/17,"4,432.47"
10/4/17,"4,352.31"
10/5/17,"4,362.64"
10/6/17,"4,413.27"
10/7/17,"4,443.88"
10/8/17,"4,624.14"
10/9/17,"4,878.71"
10/10/17,"4,922.17"
10/11/17,"4,873.73"
10/12/17,"5,446.91"
10/13/17,"5,840.30"
10/14/17,"5,837.70"
10/15/17,"5,852.48"
10/16/17,"5,776.23"
10/17/17,"5,800.35"
10/18/17,"5,603.82"
10/19/17,"5,744.35"
10/20/17,"6,060.11"
10/21/17,"6,194.88"
10/22/17,"6,076.26"
10/23/17,"6,075.59"
10/24/17,"5,935.52"
10/25/17,"5,754.33"
10/26/17,"5,976.80"
10/27/17,"5,988.39"
10/28/17,"5,876.72"
10/29/17,"6,255.71"
10/30/17,"6,214.99"
10/31/17,"6,470.43"
11/1/17,"6,767.31"
11/2/17,"7,367.33"
11/3/17,"7,461.29"
11/4/17,"7,492.86"
11/5/17,"7,617.48"
11/6/17,"7,445.77"
11/7/17,"7,253.32"
11/8/17,"7,776.42"
11/9/17,"7,446.83"
11/10/17,"7,312.00"
11/11/17,"6,873.15"
11/12/17,"6,625.05"
11/13/17,"6,811.19"
11/14/17,"6,764.98"
11/15/17,"7,342.25"
11/16/17,"7,967.38"
11/17/17,"8,004.59"
11/18/17,"7,884.99"
11/19/17,"8,101.91"
11/20/17,"8,336.86"
11/21/17,"8,348.66"
11/22/17,"8,302.26"
11/23/17,"8,267.40"
11/24/17,"8,374.16"
11/25/17,"8,790.92"
11/26/17,"9,522.93"
11/27/17,"9,818.35"
11/28/17,"10,125.70"
11/29/17,"11,517.40"
11/30/17,"10,801.00"
12/1/17,"11,046.70"
12/2/17,"11,320.20"
12/3/17,"11,858.70"
12/4/17,"11,657.20"
12/5/17,"12,032.00"
12/6/17,"14,369.10"
12/7/17,"17,899.70"
12/8/17,"18,353.40"
12/9/17,"16,783.00"
12/10/17,"15,850.60"
12/11/17,"17,513.90"
12/12/17,"17,781.80"
12/13/17,"17,653.10"
12/14/17,"17,085.80"
12/15/17,"18,154.10"
12/16/17,"19,716.70"
12/17/17,"20,089.00"
12/18/17,"19,371.00"
12/19/17,"19,177.80"
12/20/17,"17,934.70"
12/21/17,"17,567.70"
12/22/17,"15,943.40"
12/23/17,"15,603.20"
12/24/17,"14,626.00"
12/25/17,"14,593.00"
12/26/17,"16,461.20"
12/27/17,"16,930.90"
12/28/17,"15,888.40"
12/29/17,"15,279.00"
12/30/17,"14,681.90"
12/31/17,"14,377.40"
1/1/18,"14,112.20"
1/2/18,"15,444.60"
1/3/18,"15,572.80"
1/4/18,"15,739.70"
1/5/18,"17,705.20"
1/6/18,"17,712.40"
1/7/18,"17,579.60"
1/8/18,"16,537.90"
1/9/18,"15,497.50"
1/10/18,"14,973.30"
1/11/18,"15,018.80"
1/12/18,"14,229.90"
1/13/18,"14,659.50"
1/14/18,"14,511.80"
1/15/18,"14,445.50"
1/16/18,"13,843.10"
1/17/18,"11,678.00"
1/18/18,"12,107.30"
1/19/18,"11,992.80"
1/20/18,"13,103.00"
1/21/18,"12,895.90"
1/22/18,"11,966.40"
1/23/18,"11,377.60"
1/24/18,"11,501.40"
1/25/18,"11,785.70"
1/26/18,"11,656.70"
1/27/18,"11,614.90"
1/28/18,"12,040.30"
1/29/18,"11,875.60"
1/30/18,"11,307.20"
1/31/18,"10,381.60"
2/1/18,"10,288.80"
2/2/18,"9,142.28"
2/3/18,"9,430.75"
2/4/18,"9,334.87"
2/5/18,"8,364.84"
2/6/18,"7,850.70"
2/7/18,"8,509.11"
2/8/18,"8,558.77"
2/9/18,"8,736.98"
2/10/18,"9,122.55"
2/11/18,"8,616.13"
2/12/18,"8,985.92"
2/13/18,"8,958.47"
2/14/18,"9,518.54"
2/15/18,"10,234.80"
2/16/18,"10,324.10"
2/17/18,"11,139.50"
2/18/18,"11,349.80"
2/19/18,"11,273.80"
2/20/18,"11,958.50"
2/21/18,"11,418.50"
2/22/18,"11,039.10"
2/23/18,"10,487.30"
2/24/18,"10,597.20"
2/25/18,"9,923.22"
2/26/18,"10,475.00"
2/27/18,"10,878.50"
2/28/18,"11,089.80"
3/1/18,"11,052.30"
3/2/18,"11,189.00"
3/3/18,"11,528.20"
3/4/18,"11,512.60"
3/5/18,"11,704.10"
3/6/18,"11,500.10"
3/7/18,"10,929.50"
3/8/18,"10,147.40"
3/9/18,"9,466.35"
3/10/18,"9,531.32"
3/11/18,"9,711.89"
3/12/18,"9,937.50"
3/13/18,"9,470.38"
3/14/18,"9,355.85"
3/15/18,"8,428.35"
3/16/18,"8,585.15"
3/17/18,"8,346.53"
3/18/18,"8,245.51"
3/19/18,"8,675.87"
3/20/18,"9,051.02"
3/21/18,"9,177.37"
3/22/18,"9,100.71"
3/23/18,"8,879.62"
3/24/18,"8,996.18"
3/25/18,"8,682.01"
3/26/18,"8,530.08"
3/27/18,"8,232.78"
3/28/18,"8,122.89"
3/29/18,"7,994.33"
3/30/18,"7,276.66"
3/31/18,"7,207.85"
4/1/18,"7,060.95"
4/2/18,"7,135.47"
4/3/18,"7,530.94"
4/4/18,"7,469.88"
4/5/18,"6,933.82"
4/6/18,"6,857.49"
4/7/18,"7,050.54"
4/8/18,"7,111.56"
4/9/18,"7,178.11"
4/10/18,"6,872.41"
4/11/18,"6,968.32"
4/12/18,"7,899.23"
4/13/18,"8,183.96"
4/14/18,"8,140.71"
4/15/18,"8,338.42"
4/16/18,"8,371.15"
4/17/18,"8,285.96"
4/18/18,"8,197.80"
4/19/18,"8,298.69"
4/20/18,"8,880.23"
4/21/18,"8,997.57"
4/22/18,"9,001.64"
4/23/18,"8,958.55"
4/24/18,"9,732.61"
4/25/18,"9,745.32"
4/26/18,"9,281.51"
4/27/18,"9,375.47"
4/28/18,"9,412.09"
4/29/18,"9,531.49"
4/30/18,"9,477.14"
5/1/18,"9,255.88"
5/2/18,"9,256.52"
5/3/18,"9,798.33"
5/4/18,"9,779.20"
5/5/18,"9,964.50"
5/6/18,"9,940.14"
5/7/18,"9,665.85"
5/8/18,"9,462.75"
5/9/18,"9,374.76"
5/10/18,"9,396.04"
5/11/18,"9,052.96"
5/12/18,"8,664.86"
5/13/18,"8,773.55"
5/14/18,"8,881.12"
5/15/18,"8,836.19"
5/16/18,"8,508.43"
5/17/18,"8,445.54"
5/18/18,"8,274.12"
5/19/18,"8,372.06"
5/20/18,"8,562.41"
5/21/18,"8,557.52"
5/22/18,"8,423.25"
5/23/18,"8,054.66"
5/24/18,"7,738.60"
5/25/18,"7,659.14"
5/26/18,"7,595.16"
5/27/18,"7,381.74"
5/28/18,"7,419.05"
5/29/18,"7,526.42"
5/30/18,"7,573.77"
5/31/18,"7,608.90"
6/1/18,"7,604.73"
6/2/18,"7,695.83"
6/3/18,"7,754.89"
6/4/18,"7,753.82"
6/5/18,"7,643.23"
6/6/18,"7,680.43"
6/7/18,"7,741.27"
6/8/18,"7,698.19"
6/9/18,"7,683.58"
6/10/18,"7,499.55"
6/11/18,"6,910.18"
6/12/18,"6,907.96"
6/13/18,"6,631.66"
6/14/18,"6,707.14"
6/15/18,"6,681.08"
6/16/18,"6,592.49"
6/17/18,"6,589.11"
6/18/18,"6,781.14"
6/19/18,"6,822.50"
6/20/18,"6,821.56"
6/21/18,"6,810.94"
6/22/18,"6,747.08"
6/23/18,"6,224.82"
6/24/18,"6,223.78"
6/25/18,"6,327.37"
6/26/18,"6,290.16"
6/27/18,"6,180.00"
6/28/18,"6,170.41"
6/29/18,"6,261.66"
6/30/18,"6,465.51"
7/1/18,"6,432.85"
7/2/18,"6,683.86"
7/3/18,"6,671.37"
7/4/18,"6,771.92"
7/5/18,"6,749.54"
7/6/18,"6,700.94"
7/7/18,"6,863.99"
7/8/18,"6,885.91"
7/9/18,"6,838.68"
7/10/18,"6,767.74"
7/11/18,"6,444.96"
7/12/18,"6,397.10"
7/13/18,"6,310.55"
7/14/18,"6,298.19"
7/15/18,"6,403.46"
7/16/18,"6,741.75"
7/17/18,"7,387.24"
7/18/18,"7,534.99"
7/19/18,"7,494.46"
7/20/18,"7,594.67"
7/21/18,"7,437.64"
7/22/18,"7,537.95"
7/23/18,"7,771.50"
7/24/18,"8,424.27"
7/25/18,"8,416.87"
7/26/18,"8,290.33"
7/27/18,"8,262.66"
7/28/18,"8,222.85"
7/29/18,"8,272.26"
7/30/18,"8,235.50"
7/31/18,"8,181.53"
8/1/18,"7,769.04"
8/2/18,"7,712.77"
8/3/18,"7,562.14"
8/4/18,"7,497.49"
8/5/18,"7,102.77"
8/6/18,"7,166.55"
8/7/18,"7,146.56"
8/8/18,"6,746.85"
8/9/18,"6,625.73"
8/10/18,"6,591.26"
8/11/18,"6,455.74"
8/12/18,"6,409.85"
8/13/18,"6,537.05"
8/14/18,"6,287.94"
8/15/18,"6,588.49"
8/16/18,"6,473.50"
8/17/18,"6,582.50"
8/18/18,"6,617.35"
8/19/18,"6,537.98"
8/20/18,"6,536.92"
8/21/18,"6,500.87"
8/22/18,"6,816.79"
8/23/18,"6,546.54"
8/24/18,"6,719.96"
8/25/18,"6,789.63"
8/26/18,"6,774.75"
8/27/18,"6,884.64"
8/28/18,"7,109.56"
8/29/18,"7,113.30"
8/30/18,"7,072.69"
8/31/18,"7,057.17"
9/1/18,"7,242.29"
9/2/18,"7,306.31"
9/3/18,"7,317.94"
9/4/18,"7,388.26"
9/5/18,"7,388.43"
9/6/18,"6,755.14"
9/7/18,"6,555.29"
9/8/18,"6,534.25"
9/9/18,"6,446.26"
9/10/18,"6,374.98"
9/11/18,"6,398.92"
9/12/18,"6,363.87"
9/13/18,"6,535.41"
9/14/18,"6,596.10"
9/15/18,"6,561.72"
9/16/18,"6,544.33"
9/17/18,"6,540.21"
9/18/18,"6,384.18"
9/19/18,"6,448.46"
9/20/18,"6,529.26"
9/21/18,"6,794.33"
9/22/18,"6,814.56"
9/23/18,"6,766.15"
9/24/18,"6,713.56"
9/25/18,"6,603.64"
9/26/18,"6,585.91"
9/27/18,"6,712.10"
9/28/18,"6,785.03"
9/29/18,"6,643.10"
9/30/18,"6,643.78"
10/1/18,"6,653.30"
10/2/18,"6,611.84"
10/3/18,"6,571.46"
10/4/18,"6,603.31"
10/5/18,"6,623.62"
10/6/18,"6,628.54"
10/7/18,"6,641.49"
10/8/18,"6,675.06"
10/9/18,"6,661.41"
10/10/18,"6,640.29"
10/11/18,"6,586.74"
10/12/18,"6,328.50"
10/13/18,"6,308.51"
10/14/18,"6,363.21"
10/15/18,"6,965.06"
10/16/18,"6,673.59"
10/17/18,"6,601.21"
10/18/18,"6,567.54"
10/19/18,"6,493.68"
10/20/18,"6,497.72"
10/21/18,"6,556.38"
10/22/18,"6,543.80"
10/23/18,"6,506.01"
10/24/18,"6,521.99"
10/25/18,"6,504.65"
10/26/18,"6,498.29"
10/27/18,"6,507.41"
10/28/18,"6,502.28"
10/29/18,"6,503.60"
10/30/18,"6,364.99"
10/31/18,"6,349.16"
11/1/18,"6,547.14"
11/2/18,"6,396.86"
11/3/18,"6,400.07"
11/4/18,"6,388.63"
11/5/18,"6,480.59"
11/6/18,"6,463.55"
11/7/18,"6,552.16"
11/8/18,"6,536.92"
11/9/18,"6,456.46"
11/10/18,"6,437.28"
11/11/18,"6,423.25"
11/12/18,"6,434.21"
11/13/18,"6,395.27"
11/14/18,"6,371.55"
11/15/18,"5,774.82"
11/16/18,"5,657.02"
11/17/18,"5,578.58"
11/18/18,"5,653.61"
11/19/18,"5,620.78"
11/20/18,"4,951.61"
11/21/18,"4,675.73"
11/22/18,"4,629.64"
11/23/18,"4,396.42"
11/24/18,"4,413.09"
11/25/18,"4,120.87"
11/26/18,"4,107.14"
11/27/18,"3,862.96"
11/28/18,"4,385.90"
11/29/18,"4,413.02"
11/30/18,"4,322.98"
12/1/18,"4,309.38"
12/2/18,"4,301.52"
12/3/18,"4,155.98"
12/4/18,"4,075.63"
12/5/18,"3,969.54"
12/6/18,"3,874.97"
12/7/18,"3,512.59"
12/8/18,"3,506.04"
12/9/18,"3,685.31"
12/10/18,"3,647.33"
12/11/18,"3,513.18"
12/12/18,"3,534.23"
12/13/18,"3,489.74"
12/14/18,"3,329.56"
12/15/18,"3,275.38"
12/16/18,"3,305.75"
12/17/18,"3,597.92"
12/18/18,"3,701.35"
12/19/18,"3,949.32"
12/20/18,"4,191.23"
12/21/18,"4,198.43"
12/22/18,"4,014.18"
12/23/18,"4,085.72"
12/24/18,"4,271.79"
12/25/18,"4,089.56"
12/26/18,"3,893.36"
12/27/18,"3,874.42"
12/28/18,"3,956.14"
12/29/18,"3,963.76"
12/30/18,"3,901.91"
12/31/18,"3,868.74"
1/1/19,"3,850.91"
1/2/19,"3,947.98"
1/3/19,"3,935.69"
1/4/19,"3,865.93"
1/5/19,"3,904.90"
1/6/19,"4,093.30"
1/7/19,"4,092.61"
1/8/19,"4,109.02"
1/9/19,"4,068.40"
1/10/19,"4,064.07"
1/11/19,"3,713.88"
1/12/19,"3,698.98"
1/13/19,"3,674.76"
1/14/19,"3,727.84"
1/15/19,"3,720.15"
1/16/19,"3,685.78"
1/17/19,"3,680.14"
1/18/19,"3,682.52"
1/19/19,"3,758.53"
1/20/19,"3,743.39"
1/21/19,"3,608.84"
1/22/19,"3,620.75"
1/23/19,"3,623.07"
1/24/19,"3,616.09"
1/25/19,"3,612.93"
1/26/19,"3,654.93"
1/27/19,"3,612.67"
1/28/19,"3,586.75"
1/29/19,"3,476.07"
1/30/19,"3,495.17"
1/31/19,"3,504.80"
2/1/19,"3,501.95"
2/2/19,"3,523.29"
2/3/19,"3,521.39"
2/4/19,"3,476.22"
2/5/19,"3,478.15"
2/6/19,"3,469.09"
2/7/19,"3,427.95"
2/8/19,"3,695.61"
2/9/19,"3,679.94"
2/10/19,"3,695.04"
2/11/19,"3,695.61"
2/12/19,"3,668.59"
2/13/19,"3,669.75"
2/14/19,"3,646.26"
2/15/19,"3,647.80"
2/16/19,"3,652.84"
2/17/19,"3,680.54"
2/18/19,"3,936.67"
2/19/19,"4,010.88"
2/20/19,"4,000.49"
2/21/19,"4,010.01"
2/22/19,"4,006.54"
2/23/19,"4,166.29"
2/24/19,"4,210.64"
2/25/19,"3,913.71"
2/26/19,"3,891.58"
2/27/19,"3,888.80"
2/28/19,"3,906.06"
3/1/19,"3,907.80"
3/2/19,"3,874.61"
3/3/19,"3,875.48"
3/4/19,"3,867.38"
3/5/19,"3,903.92"
3/6/19,"3,919.51"
3/7/19,"3,939.37"
3/8/19,"3,950.43"
3/9/19,"3,987.24"
3/10/19,"3,966.17"
3/11/19,"3,966.38"
3/12/19,"3,926.89"
3/13/19,"3,926.60"
3/14/19,"3,946.50"
3/15/19,"3,968.54"
3/16/19,"4,077.04"
3/17/19,"4,054.12"
3/18/19,"4,071.56"
3/19/19,"4,082.22"
3/20/19,"4,089.46"
3/21/19,"4,097.36"
3/22/19,"4,053.91"
3/23/19,"4,049.88"
3/24/19,"4,040.70"
3/25/19,"4,038.84"
3/26/19,"3,985.08"
3/27/19,"4,087.07"
3/28/19,"4,094.90"
3/29/19,"4,113.50"
3/30/19,"4,296.81"
3/31/19,"4,113.02"
4/1/19,"4,164.95"
4/2/19,"4,905.95"
4/3/19,"5,307.00"
4/4/19,"5,063.16"
4/5/19,"5,053.51"
4/6/19,"5,205.82"
4/7/19,"5,235.19"
4/8/19,"5,318.84"
4/9/19,"5,289.92"
4/10/19,"5,421.65"
4/11/19,"5,354.23"
4/12/19,"5,103.27"
4/13/19,"5,127.12"
4/14/19,"5,184.02"
4/15/19,"5,196.61"
4/16/19,"5,238.95"
4/17/19,"5,274.28"
4/18/19,"5,319.99"
4/19/19,"5,336.68"
4/20/19,"5,358.49"
4/21/19,"5,359.93"
4/22/19,"5,422.69"
4/23/19,"5,633.80"
4/24/19,"5,642.04"
4/25/19,"5,542.24"
4/26/19,"5,383.63"
4/27/19,"5,310.75"
4/28/19,"5,326.23"
4/29/19,"5,311.27"
4/30/19,"5,363.26"
5/1/19,"5,418.00"
5/2/19,"5,522.26"
5/3/19,"5,865.88"
5/4/19,"5,886.89"
5/5/19,"5,833.86"
5/6/19,"5,802.96"
5/7/19,"5,988.18"
5/8/19,"5,989.98"
5/9/19,"6,183.04"
5/10/19,"6,434.62"
5/11/19,"7,333.00"
5/12/19,"7,503.87"
5/13/19,"8,047.41"
5/14/19,"8,268.71"
5/15/19,"8,216.42"
5/16/19,"8,320.82"
5/17/19,"7,929.15"
5/18/19,"7,447.27"
5/19/19,"8,261.94"
5/20/19,"8,200.97"
5/21/19,"8,062.17"
5/22/19,"7,997.61"
5/23/19,"7,943.79"
5/24/19,"8,140.72"
5/25/19,"8,117.93"
5/26/19,"8,687.52"
5/27/19,"8,907.17"
5/28/19,"8,807.02"
5/29/19,"8,755.85"
5/30/19,"9,008.31"
5/31/19,"8,586.66"
6/1/19,"8,625.60"
6/2/19,"8,809.30"
6/3/19,"8,743.50"
6/4/19,"8,210.99"
6/5/19,"7,901.85"
6/6/19,"7,937.34"
6/7/19,"8,126.15"
6/8/19,"8,076.89"
6/9/19,"7,975.97"
6/10/19,"8,031.91"
6/11/19,"8,026.39"
6/12/19,"8,196.65"
6/13/19,"8,311.57"
6/14/19,"8,710.64"
6/15/19,"8,859.13"
6/16/19,"9,335.87"
6/17/19,"9,416.41"
6/18/19,"9,348.37"
6/19/19,"9,299.62"
6/20/19,"9,594.42"
6/21/19,"10,144.56"
6/22/19,"11,157.35"
6/23/19,"11,246.14"
6/24/19,"11,065.90"
6/25/19,"11,790.92"
6/26/19,"13,796.49"
6/27/19,"13,311.14"
6/28/19,"12,445.18"
6/29/19,"12,400.91"
6/30/19,"12,178.38"
7/1/19,"11,206.44"